Parameter;Value
parset;2.4
genset;0.0
fippi;0.0
clock_speed;40.0
energy_gap_time;0.30000000000000004
trigger_peak_time;0.05
trigger_gap_time;0.0
baseline_length;512.0
trigger_threshold;150.0
baseline_threshold;120.0
energy_threshold;0.0
peak_interval_offset;0.5
peak_sample_offset;0.0
max_width;0.4
peak_mode;0.0
peak_interval;0.5
peak_sample;0.0
polarity;1.0
preamp_value;1.0
gain;4.484848
gain_trim;1.0501708984375
preset_type;0.0
preset_value;30.0
number_mca_channels;8192.0
mca_bin_width;1.0
bytes_per_bin;3.0
adc_trace_wait;0.025
auto_adjust_offset;1.0
number_of_scas;0.0
BEGIN_OF_DATA;0
0;0
1;4
2;3
3;4
4;6
5;5
6;5
7;11
8;9
9;10
10;8
11;10
12;8
13;12
14;6
15;5
16;4
17;4
18;2
19;1
20;0
21;2
22;1
23;1
24;1
25;4
26;1
27;1
28;0
29;2
30;0
31;2
32;0
33;2
34;1
35;1
36;0
37;3
38;1
39;1
40;2
41;0
42;0
43;0
44;1
45;2
46;0
47;2
48;2
49;1
50;1
51;0
52;1
53;1
54;0
55;1
56;1
57;0
58;1
59;0
60;0
61;2
62;2
63;1
64;0
65;0
66;1
67;2
68;1
69;2
70;1
71;1
72;0
73;1
74;3
75;4
76;2
77;2
78;5
79;3
80;3
81;2
82;3
83;7
84;4
85;9
86;12
87;11
88;11
89;16
90;30
91;21
92;32
93;32
94;47
95;33
96;45
97;46
98;72
99;50
100;62
101;59
102;69
103;66
104;66
105;73
106;79
107;83
108;87
109;88
110;87
111;69
112;85
113;84
114;85
115;72
116;101
117;61
118;70
119;71
120;69
121;72
122;78
123;86
124;67
125;75
126;74
127;77
128;70
129;73
130;65
131;66
132;68
133;72
134;65
135;61
136;64
137;70
138;76
139;73
140;46
141;59
142;70
143;78
144;80
145;66
146;63
147;66
148;50
149;50
150;53
151;82
152;60
153;55
154;64
155;57
156;75
157;65
158;67
159;69
160;59
161;44
162;74
163;60
164;64
165;72
166;66
167;69
168;65
169;68
170;67
171;52
172;57
173;50
174;72
175;60
176;69
177;60
178;65
179;67
180;60
181;70
182;60
183;70
184;69
185;52
186;73
187;54
188;61
189;63
190;62
191;68
192;44
193;67
194;60
195;46
196;66
197;82
198;60
199;64
200;73
201;63
202;55
203;69
204;81
205;68
206;77
207;63
208;70
209;71
210;69
211;54
212;74
213;59
214;70
215;66
216;76
217;65
218;67
219;64
220;71
221;60
222;53
223;49
224;61
225;71
226;66
227;61
228;72
229;61
230;47
231;72
232;70
233;59
234;74
235;59
236;60
237;66
238;58
239;55
240;72
241;65
242;72
243;72
244;62
245;64
246;78
247;59
248;70
249;64
250;68
251;59
252;63
253;60
254;65
255;63
256;67
257;72
258;65
259;72
260;60
261;56
262;63
263;67
264;58
265;61
266;67
267;61
268;46
269;77
270;67
271;60
272;64
273;61
274;63
275;66
276;68
277;63
278;60
279;58
280;65
281;65
282;75
283;65
284;72
285;71
286;58
287;64
288;60
289;68
290;61
291;58
292;62
293;63
294;59
295;52
296;56
297;72
298;69
299;59
300;69
301;81
302;64
303;80
304;64
305;98
306;75
307;69
308;73
309;72
310;75
311;70
312;56
313;78
314;81
315;70
316;93
317;63
318;66
319;61
320;61
321;64
322;65
323;66
324;64
325;69
326;59
327;61
328;51
329;54
330;56
331;56
332;63
333;83
334;61
335;62
336;55
337;64
338;58
339;54
340;56
341;51
342;65
343;71
344;64
345;61
346;57
347;63
348;56
349;57
350;44
351;71
352;57
353;53
354;53
355;53
356;60
357;62
358;61
359;62
360;76
361;61
362;59
363;70
364;53
365;70
366;72
367;65
368;66
369;59
370;59
371;77
372;60
373;54
374;62
375;55
376;62
377;60
378;62
379;55
380;75
381;45
382;61
383;61
384;59
385;74
386;57
387;57
388;61
389;56
390;60
391;70
392;51
393;65
394;65
395;47
396;67
397;61
398;55
399;67
400;61
401;60
402;57
403;69
404;58
405;82
406;56
407;54
408;51
409;73
410;61
411;62
412;66
413;54
414;57
415;64
416;50
417;55
418;60
419;65
420;52
421;57
422;54
423;63
424;59
425;53
426;50
427;38
428;65
429;60
430;46
431;49
432;63
433;59
434;55
435;57
436;68
437;48
438;64
439;60
440;52
441;57
442;39
443;49
444;56
445;54
446;49
447;52
448;44
449;44
450;63
451;57
452;59
453;59
454;45
455;55
456;54
457;57
458;51
459;58
460;43
461;56
462;48
463;68
464;51
465;68
466;40
467;56
468;51
469;55
470;66
471;62
472;53
473;60
474;57
475;50
476;59
477;58
478;56
479;47
480;61
481;53
482;45
483;46
484;49
485;68
486;48
487;49
488;55
489;59
490;51
491;55
492;61
493;54
494;48
495;59
496;55
497;52
498;53
499;42
500;55
501;52
502;45
503;47
504;58
505;56
506;43
507;60
508;58
509;59
510;44
511;60
512;47
513;40
514;67
515;50
516;61
517;43
518;50
519;44
520;50
521;50
522;52
523;54
524;64
525;42
526;60
527;49
528;53
529;55
530;46
531;42
532;57
533;63
534;52
535;39
536;53
537;38
538;42
539;57
540;69
541;49
542;48
543;54
544;47
545;55
546;63
547;37
548;49
549;57
550;46
551;54
552;51
553;46
554;56
555;56
556;56
557;47
558;59
559;48
560;54
561;47
562;58
563;58
564;48
565;59
566;37
567;48
568;40
569;44
570;34
571;55
572;41
573;41
574;50
575;45
576;37
577;51
578;45
579;56
580;48
581;40
582;51
583;52
584;37
585;39
586;29
587;36
588;46
589;36
590;51
591;54
592;53
593;55
594;40
595;68
596;48
597;61
598;50
599;66
600;55
601;46
602;35
603;54
604;39
605;44
606;63
607;48
608;43
609;44
610;43
611;54
612;43
613;52
614;50
615;44
616;64
617;48
618;41
619;53
620;40
621;47
622;41
623;45
624;34
625;43
626;46
627;32
628;39
629;48
630;46
631;48
632;49
633;46
634;36
635;42
636;49
637;46
638;43
639;47
640;52
641;40
642;35
643;43
644;51
645;44
646;42
647;37
648;48
649;46
650;35
651;42
652;51
653;45
654;36
655;54
656;44
657;46
658;44
659;46
660;55
661;51
662;44
663;43
664;52
665;40
666;46
667;38
668;35
669;36
670;54
671;36
672;42
673;44
674;43
675;42
676;39
677;35
678;60
679;50
680;39
681;61
682;59
683;38
684;38
685;37
686;35
687;48
688;51
689;38
690;37
691;43
692;38
693;36
694;33
695;47
696;41
697;47
698;52
699;32
700;41
701;44
702;41
703;35
704;37
705;49
706;34
707;30
708;47
709;34
710;45
711;45
712;38
713;41
714;45
715;36
716;45
717;46
718;32
719;37
720;35
721;48
722;60
723;53
724;43
725;44
726;45
727;39
728;40
729;39
730;43
731;39
732;56
733;53
734;46
735;43
736;42
737;39
738;40
739;47
740;32
741;45
742;41
743;46
744;44
745;49
746;48
747;46
748;44
749;51
750;46
751;46
752;54
753;56
754;47
755;38
756;55
757;38
758;59
759;52
760;44
761;45
762;47
763;47
764;50
765;49
766;47
767;49
768;43
769;53
770;47
771;54
772;51
773;42
774;54
775;39
776;49
777;38
778;52
779;40
780;36
781;45
782;48
783;46
784;45
785;44
786;42
787;33
788;41
789;42
790;37
791;43
792;35
793;45
794;43
795;56
796;46
797;41
798;34
799;41
800;47
801;38
802;30
803;37
804;39
805;47
806;42
807;55
808;36
809;40
810;45
811;47
812;45
813;40
814;46
815;40
816;39
817;38
818;54
819;40
820;35
821;37
822;31
823;30
824;44
825;39
826;36
827;42
828;39
829;46
830;34
831;33
832;40
833;62
834;43
835;49
836;33
837;41
838;45
839;40
840;51
841;31
842;44
843;31
844;35
845;44
846;43
847;36
848;48
849;44
850;37
851;41
852;36
853;40
854;30
855;35
856;40
857;26
858;40
859;33
860;47
861;36
862;42
863;45
864;38
865;37
866;34
867;31
868;51
869;38
870;41
871;45
872;40
873;35
874;45
875;58
876;36
877;55
878;32
879;43
880;34
881;40
882;41
883;35
884;45
885;30
886;35
887;41
888;44
889;37
890;48
891;42
892;45
893;41
894;37
895;44
896;36
897;35
898;31
899;53
900;39
901;37
902;38
903;47
904;46
905;51
906;53
907;63
908;42
909;57
910;64
911;58
912;50
913;78
914;79
915;88
916;90
917;84
918;97
919;85
920;114
921;107
922;121
923;111
924;109
925;131
926;127
927;110
928;126
929;111
930;114
931;128
932;107
933;109
934;107
935;109
936;88
937;101
938;92
939;100
940;103
941;76
942;70
943;72
944;73
945;65
946;69
947;71
948;68
949;58
950;37
951;49
952;59
953;48
954;50
955;41
956;50
957;48
958;40
959;43
960;49
961;40
962;49
963;36
964;37
965;29
966;48
967;39
968;33
969;40
970;38
971;42
972;42
973;40
974;40
975;35
976;50
977;35
978;48
979;40
980;27
981;44
982;36
983;50
984;36
985;44
986;48
987;35
988;40
989;43
990;55
991;47
992;51
993;51
994;44
995;35
996;49
997;43
998;43
999;42
1000;53
1001;31
1002;41
1003;61
1004;44
1005;39
1006;52
1007;56
1008;45
1009;46
1010;34
1011;44
1012;46
1013;56
1014;57
1015;52
1016;56
1017;49
1018;37
1019;55
1020;52
1021;55
1022;52
1023;56
1024;60
1025;52
1026;42
1027;53
1028;43
1029;53
1030;47
1031;46
1032;51
1033;35
1034;43
1035;40
1036;44
1037;28
1038;39
1039;40
1040;43
1041;41
1042;42
1043;34
1044;39
1045;45
1046;43
1047;43
1048;42
1049;43
1050;38
1051;36
1052;49
1053;47
1054;36
1055;37
1056;43
1057;39
1058;42
1059;56
1060;36
1061;40
1062;42
1063;43
1064;34
1065;24
1066;36
1067;35
1068;46
1069;34
1070;42
1071;29
1072;42
1073;39
1074;37
1075;39
1076;45
1077;40
1078;37
1079;44
1080;37
1081;52
1082;34
1083;39
1084;37
1085;36
1086;46
1087;57
1088;37
1089;36
1090;58
1091;51
1092;47
1093;44
1094;59
1095;55
1096;60
1097;63
1098;59
1099;67
1100;82
1101;76
1102;78
1103;63
1104;94
1105;85
1106;106
1107;97
1108;97
1109;90
1110;90
1111;90
1112;71
1113;102
1114;100
1115;111
1116;94
1117;102
1118;86
1119;79
1120;77
1121;83
1122;93
1123;76
1124;89
1125;77
1126;60
1127;66
1128;65
1129;71
1130;60
1131;53
1132;46
1133;53
1134;51
1135;47
1136;48
1137;55
1138;52
1139;46
1140;35
1141;49
1142;36
1143;39
1144;39
1145;52
1146;54
1147;42
1148;37
1149;47
1150;45
1151;48
1152;47
1153;52
1154;39
1155;43
1156;45
1157;35
1158;44
1159;45
1160;43
1161;45
1162;38
1163;28
1164;34
1165;40
1166;55
1167;38
1168;57
1169;46
1170;46
1171;43
1172;58
1173;48
1174;48
1175;39
1176;50
1177;39
1178;44
1179;45
1180;40
1181;50
1182;48
1183;48
1184;49
1185;49
1186;58
1187;51
1188;64
1189;49
1190;71
1191;58
1192;46
1193;62
1194;55
1195;57
1196;44
1197;53
1198;49
1199;47
1200;42
1201;64
1202;58
1203;55
1204;47
1205;49
1206;58
1207;64
1208;41
1209;73
1210;48
1211;53
1212;60
1213;56
1214;59
1215;73
1216;69
1217;72
1218;61
1219;68
1220;74
1221;78
1222;68
1223;66
1224;70
1225;59
1226;65
1227;63
1228;57
1229;64
1230;58
1231;58
1232;65
1233;76
1234;50
1235;68
1236;43
1237;72
1238;65
1239;50
1240;59
1241;55
1242;58
1243;58
1244;46
1245;55
1246;51
1247;62
1248;53
1249;69
1250;68
1251;60
1252;55
1253;46
1254;46
1255;62
1256;51
1257;55
1258;37
1259;59
1260;50
1261;62
1262;54
1263;52
1264;50
1265;43
1266;48
1267;45
1268;65
1269;58
1270;46
1271;54
1272;61
1273;56
1274;55
1275;59
1276;67
1277;49
1278;58
1279;62
1280;66
1281;68
1282;76
1283;77
1284;67
1285;62
1286;81
1287;92
1288;84
1289;72
1290;71
1291;89
1292;90
1293;95
1294;102
1295;120
1296;127
1297;108
1298;132
1299;142
1300;140
1301;161
1302;161
1303;166
1304;166
1305;166
1306;182
1307;188
1308;196
1309;212
1310;214
1311;205
1312;228
1313;234
1314;233
1315;228
1316;198
1317;206
1318;236
1319;216
1320;231
1321;228
1322;217
1323;188
1324;194
1325;185
1326;187
1327;171
1328;166
1329;166
1330;138
1331;148
1332;134
1333;124
1334;112
1335;93
1336;98
1337;129
1338;116
1339;114
1340;103
1341;99
1342;98
1343;75
1344;99
1345;83
1346;85
1347;80
1348;78
1349;91
1350;89
1351;93
1352;67
1353;78
1354;90
1355;103
1356;81
1357;92
1358;90
1359;86
1360;93
1361;65
1362;80
1363;103
1364;95
1365;98
1366;104
1367;86
1368;103
1369;86
1370;119
1371;84
1372;100
1373;87
1374;95
1375;72
1376;78
1377;93
1378;86
1379;82
1380;81
1381;100
1382;90
1383;90
1384;92
1385;101
1386;89
1387;89
1388;94
1389;105
1390;94
1391;89
1392;107
1393;91
1394;96
1395;84
1396;93
1397;89
1398;101
1399;99
1400;88
1401;114
1402;89
1403;88
1404;93
1405;91
1406;101
1407;89
1408;109
1409;105
1410;89
1411;115
1412;118
1413;122
1414;117
1415;115
1416;109
1417;127
1418;120
1419;138
1420;151
1421;129
1422;134
1423;132
1424;129
1425;143
1426;121
1427;120
1428;131
1429;136
1430;150
1431;116
1432;138
1433;156
1434;133
1435;147
1436;118
1437;146
1438;141
1439;120
1440;175
1441;155
1442;142
1443;129
1444;155
1445;156
1446;158
1447;169
1448;166
1449;154
1450;155
1451;156
1452;151
1453;159
1454;129
1455;149
1456;139
1457;149
1458;131
1459;162
1460;154
1461;133
1462;125
1463;140
1464;162
1465;128
1466;141
1467;120
1468;143
1469;134
1470;139
1471;133
1472;131
1473;123
1474;135
1475;138
1476;115
1477;127
1478;140
1479;126
1480;125
1481;144
1482;155
1483;149
1484;141
1485;130
1486;136
1487;154
1488;157
1489;139
1490;166
1491;144
1492;178
1493;148
1494;154
1495;167
1496;184
1497;171
1498;180
1499;213
1500;180
1501;183
1502;234
1503;232
1504;220
1505;237
1506;262
1507;291
1508;295
1509;277
1510;301
1511;327
1512;332
1513;340
1514;364
1515;409
1516;422
1517;406
1518;443
1519;472
1520;471
1521;500
1522;559
1523;512
1524;572
1525;615
1526;613
1527;617
1528;644
1529;608
1530;683
1531;683
1532;673
1533;609
1534;647
1535;674
1536;640
1537;654
1538;604
1539;624
1540;662
1541;557
1542;574
1543;589
1544;515
1545;492
1546;481
1547;461
1548;439
1549;410
1550;391
1551;358
1552;356
1553;332
1554;295
1555;310
1556;281
1557;253
1558;220
1559;270
1560;226
1561;234
1562;223
1563;217
1564;208
1565;205
1566;189
1567;199
1568;187
1569;197
1570;203
1571;167
1572;191
1573;181
1574;194
1575;195
1576;178
1577;195
1578;190
1579;199
1580;178
1581;173
1582;162
1583;192
1584;185
1585;170
1586;201
1587;204
1588;193
1589;195
1590;195
1591;197
1592;216
1593;198
1594;184
1595;183
1596;188
1597;207
1598;230
1599;221
1600;215
1601;215
1602;233
1603;229
1604;215
1605;219
1606;256
1607;247
1608;248
1609;253
1610;265
1611;261
1612;248
1613;250
1614;272
1615;257
1616;311
1617;254
1618;283
1619;304
1620;284
1621;304
1622;321
1623;289
1624;320
1625;329
1626;352
1627;350
1628;351
1629;347
1630;417
1631;404
1632;423
1633;420
1634;451
1635;487
1636;477
1637;510
1638;498
1639;522
1640;533
1641;515
1642;514
1643;567
1644;567
1645;553
1646;585
1647;638
1648;590
1649;619
1650;628
1651;658
1652;615
1653;631
1654;670
1655;644
1656;591
1657;630
1658;645
1659;635
1660;665
1661;618
1662;648
1663;632
1664;636
1665;572
1666;591
1667;607
1668;582
1669;589
1670;600
1671;584
1672;604
1673;604
1674;604
1675;581
1676;596
1677;565
1678;636
1679;600
1680;639
1681;657
1682;640
1683;695
1684;732
1685;733
1686;767
1687;848
1688;798
1689;873
1690;849
1691;970
1692;1058
1693;1142
1694;1154
1695;1234
1696;1274
1697;1454
1698;1499
1699;1622
1700;1701
1701;1826
1702;1898
1703;2142
1704;2121
1705;2381
1706;2484
1707;2603
1708;2789
1709;3086
1710;2980
1711;3183
1712;3200
1713;3414
1714;3585
1715;3616
1716;3606
1717;3661
1718;3906
1719;4016
1720;4015
1721;3941
1722;4013
1723;3944
1724;3958
1725;3896
1726;3809
1727;3788
1728;3655
1729;3566
1730;3535
1731;3419
1732;3183
1733;2975
1734;2779
1735;2740
1736;2573
1737;2350
1738;2258
1739;2044
1740;1987
1741;1829
1742;1631
1743;1593
1744;1407
1745;1404
1746;1259
1747;1210
1748;1051
1749;978
1750;868
1751;871
1752;819
1753;758
1754;638
1755;639
1756;592
1757;566
1758;557
1759;559
1760;509
1761;543
1762;518
1763;471
1764;471
1765;449
1766;460
1767;444
1768;423
1769;474
1770;410
1771;443
1772;480
1773;469
1774;463
1775;460
1776;475
1777;532
1778;459
1779;449
1780;435
1781;449
1782;467
1783;455
1784;464
1785;491
1786;486
1787;460
1788;437
1789;479
1790;444
1791;422
1792;486
1793;493
1794;450
1795;485
1796;428
1797;469
1798;498
1799;471
1800;476
1801;510
1802;426
1803;434
1804;478
1805;458
1806;485
1807;448
1808;424
1809;510
1810;479
1811;459
1812;484
1813;421
1814;487
1815;453
1816;429
1817;452
1818;503
1819;454
1820;479
1821;476
1822;432
1823;445
1824;465
1825;451
1826;429
1827;436
1828;477
1829;488
1830;447
1831;430
1832;489
1833;449
1834;467
1835;427
1836;448
1837;452
1838;485
1839;454
1840;484
1841;482
1842;458
1843;493
1844;505
1845;499
1846;541
1847;519
1848;552
1849;578
1850;625
1851;617
1852;717
1853;743
1854;754
1855;776
1856;828
1857;893
1858;902
1859;1027
1860;1062
1861;1103
1862;1153
1863;1293
1864;1377
1865;1486
1866;1448
1867;1633
1868;1761
1869;1764
1870;1839
1871;2056
1872;2038
1873;2175
1874;2268
1875;2342
1876;2427
1877;2371
1878;2533
1879;2521
1880;2489
1881;2648
1882;2668
1883;2538
1884;2756
1885;2622
1886;2714
1887;2693
1888;2659
1889;2524
1890;2605
1891;2566
1892;2484
1893;2400
1894;2242
1895;2283
1896;2188
1897;2073
1898;2005
1899;1920
1900;1844
1901;1778
1902;1698
1903;1618
1904;1560
1905;1446
1906;1403
1907;1354
1908;1306
1909;1233
1910;1185
1911;1126
1912;1100
1913;1049
1914;1062
1915;1077
1916;955
1917;920
1918;938
1919;844
1920;962
1921;860
1922;881
1923;811
1924;868
1925;885
1926;896
1927;848
1928;918
1929;904
1930;905
1931;891
1932;973
1933;900
1934;919
1935;941
1936;940
1937;1019
1938;1055
1939;992
1940;984
1941;1120
1942;1116
1943;1115
1944;1202
1945;1201
1946;1172
1947;1254
1948;1334
1949;1298
1950;1416
1951;1371
1952;1487
1953;1527
1954;1672
1955;1653
1956;1746
1957;1840
1958;1923
1959;1993
1960;2124
1961;2090
1962;2371
1963;2413
1964;2537
1965;2670
1966;2609
1967;2943
1968;3039
1969;3129
1970;3123
1971;3230
1972;3258
1973;3548
1974;3524
1975;3625
1976;3744
1977;3761
1978;3839
1979;3943
1980;3991
1981;4003
1982;4016
1983;4063
1984;3943
1985;3992
1986;3959
1987;3869
1988;3779
1989;3818
1990;3641
1991;3553
1992;3541
1993;3455
1994;3231
1995;3292
1996;3096
1997;2936
1998;2824
1999;2705
2000;2647
2001;2593
2002;2358
2003;2423
2004;2327
2005;2165
2006;2099
2007;2050
2008;1941
2009;1948
2010;1902
2011;1899
2012;1886
2013;1736
2014;1716
2015;1791
2016;1721
2017;1742
2018;1734
2019;1716
2020;1785
2021;1868
2022;1873
2023;1840
2024;1829
2025;1905
2026;1954
2027;1908
2028;1923
2029;1999
2030;2044
2031;2111
2032;2168
2033;2085
2034;2153
2035;2173
2036;2234
2037;2220
2038;2245
2039;2285
2040;2295
2041;2237
2042;2315
2043;2171
2044;2226
2045;2207
2046;2205
2047;2093
2048;2070
2049;2114
2050;1979
2051;1899
2052;1942
2053;1957
2054;1737
2055;1700
2056;1722
2057;1584
2058;1550
2059;1490
2060;1440
2061;1411
2062;1311
2063;1278
2064;1272
2065;1167
2066;1133
2067;1060
2068;1053
2069;988
2070;976
2071;959
2072;858
2073;904
2074;860
2075;850
2076;837
2077;831
2078;772
2079;884
2080;815
2081;832
2082;800
2083;772
2084;809
2085;785
2086;748
2087;792
2088;797
2089;798
2090;822
2091;759
2092;838
2093;774
2094;846
2095;864
2096;863
2097;928
2098;1013
2099;953
2100;1036
2101;1025
2102;1111
2103;1165
2104;1230
2105;1338
2106;1372
2107;1488
2108;1685
2109;1706
2110;1928
2111;2015
2112;2124
2113;2302
2114;2586
2115;2913
2116;3092
2117;3407
2118;3890
2119;4086
2120;4556
2121;5078
2122;5543
2123;6034
2124;6640
2125;7218
2126;8029
2127;8930
2128;9675
2129;10543
2130;11599
2131;13042
2132;14092
2133;15106
2134;16705
2135;18009
2136;19311
2137;20869
2138;22655
2139;24372
2140;25914
2141;28155
2142;30077
2143;31928
2144;34191
2145;35796
2146;37977
2147;39922
2148;42135
2149;44499
2150;46306
2151;47994
2152;50309
2153;51300
2154;53363
2155;54661
2156;55935
2157;56991
2158;58498
2159;59042
2160;59116
2161;59444
2162;60256
2163;59725
2164;59503
2165;58873
2166;58273
2167;57061
2168;55868
2169;54225
2170;52914
2171;51061
2172;49006
2173;47632
2174;45484
2175;43198
2176;41452
2177;39195
2178;36527
2179;34106
2180;32090
2181;30260
2182;27675
2183;26008
2184;24100
2185;22061
2186;20030
2187;18236
2188;16535
2189;14884
2190;13434
2191;12342
2192;11006
2193;9891
2194;9000
2195;7904
2196;6964
2197;6335
2198;5543
2199;4984
2200;4359
2201;4038
2202;3505
2203;3113
2204;2693
2205;2471
2206;2312
2207;1982
2208;1788
2209;1671
2210;1442
2211;1376
2212;1278
2213;1125
2214;1057
2215;1082
2216;1012
2217;916
2218;885
2219;860
2220;832
2221;801
2222;756
2223;812
2224;683
2225;764
2226;704
2227;676
2228;663
2229;641
2230;637
2231;681
2232;626
2233;677
2234;599
2235;616
2236;652
2237;603
2238;636
2239;605
2240;604
2241;582
2242;587
2243;590
2244;596
2245;551
2246;564
2247;586
2248;566
2249;501
2250;550
2251;545
2252;500
2253;547
2254;524
2255;499
2256;477
2257;529
2258;502
2259;506
2260;481
2261;487
2262;486
2263;519
2264;505
2265;474
2266;469
2267;519
2268;488
2269;472
2270;509
2271;503
2272;502
2273;541
2274;485
2275;489
2276;556
2277;520
2278;506
2279;514
2280;512
2281;561
2282;600
2283;538
2284;567
2285;613
2286;599
2287;681
2288;640
2289;764
2290;768
2291;735
2292;787
2293;823
2294;847
2295;892
2296;951
2297;922
2298;977
2299;1016
2300;1127
2301;1119
2302;1137
2303;1191
2304;1289
2305;1277
2306;1409
2307;1374
2308;1372
2309;1433
2310;1492
2311;1561
2312;1693
2313;1607
2314;1656
2315;1769
2316;1741
2317;1833
2318;1689
2319;1769
2320;1747
2321;1792
2322;1793
2323;1722
2324;1793
2325;1754
2326;1700
2327;1786
2328;1666
2329;1690
2330;1616
2331;1546
2332;1580
2333;1469
2334;1447
2335;1452
2336;1366
2337;1381
2338;1285
2339;1280
2340;1145
2341;1168
2342;1073
2343;1103
2344;1028
2345;971
2346;969
2347;896
2348;849
2349;832
2350;812
2351;766
2352;762
2353;736
2354;689
2355;670
2356;649
2357;632
2358;628
2359;590
2360;609
2361;562
2362;598
2363;543
2364;543
2365;565
2366;513
2367;544
2368;548
2369;515
2370;565
2371;542
2372;485
2373;555
2374;503
2375;557
2376;521
2377;534
2378;520
2379;484
2380;541
2381;559
2382;547
2383;521
2384;522
2385;499
2386;505
2387;520
2388;532
2389;532
2390;553
2391;492
2392;534
2393;492
2394;530
2395;563
2396;479
2397;538
2398;525
2399;501
2400;478
2401;489
2402;465
2403;474
2404;475
2405;473
2406;492
2407;500
2408;453
2409;490
2410;486
2411;492
2412;501
2413;455
2414;444
2415;411
2416;457
2417;469
2418;426
2419;444
2420;440
2421;469
2422;446
2423;459
2424;442
2425;471
2426;431
2427;486
2428;509
2429;480
2430;441
2431;468
2432;467
2433;433
2434;450
2435;491
2436;464
2437;530
2438;514
2439;520
2440;508
2441;519
2442;540
2443;529
2444;518
2445;538
2446;560
2447;544
2448;615
2449;579
2450;567
2451;616
2452;670
2453;653
2454;680
2455;705
2456;741
2457;763
2458;710
2459;835
2460;766
2461;816
2462;909
2463;915
2464;944
2465;1018
2466;1044
2467;1138
2468;1103
2469;1166
2470;1264
2471;1268
2472;1339
2473;1398
2474;1429
2475;1532
2476;1463
2477;1584
2478;1637
2479;1747
2480;1773
2481;1911
2482;1896
2483;1891
2484;2044
2485;2018
2486;2145
2487;2118
2488;2224
2489;2232
2490;2440
2491;2372
2492;2321
2493;2570
2494;2528
2495;2595
2496;2752
2497;2765
2498;2858
2499;2985
2500;3036
2501;3092
2502;2979
2503;3123
2504;3303
2505;3328
2506;3357
2507;3379
2508;3502
2509;3584
2510;3669
2511;3785
2512;3782
2513;3844
2514;3948
2515;3931
2516;3870
2517;4050
2518;3990
2519;4035
2520;4023
2521;3978
2522;4105
2523;4153
2524;4048
2525;4055
2526;4120
2527;4156
2528;4080
2529;3896
2530;4007
2531;3962
2532;4001
2533;4003
2534;4033
2535;3994
2536;4072
2537;4295
2538;4346
2539;4395
2540;4543
2541;4722
2542;5062
2543;5258
2544;5516
2545;6016
2546;6437
2547;6946
2548;7459
2549;8244
2550;8782
2551;9685
2552;10627
2553;11440
2554;12692
2555;14015
2556;15036
2557;16244
2558;17718
2559;19000
2560;20864
2561;22221
2562;24393
2563;25904
2564;27980
2565;29877
2566;31889
2567;33479
2568;35527
2569;37630
2570;39394
2571;41599
2572;43278
2573;45430
2574;46482
2575;48227
2576;50017
2577;50762
2578;52346
2579;53880
2580;54587
2581;55471
2582;56216
2583;55881
2584;56303
2585;56237
2586;56316
2587;56062
2588;54994
2589;54528
2590;53883
2591;52793
2592;51010
2593;49453
2594;48951
2595;47398
2596;45579
2597;43827
2598;42201
2599;40496
2600;38560
2601;36610
2602;34879
2603;32851
2604;31195
2605;29340
2606;27687
2607;25980
2608;24168
2609;22842
2610;21221
2611;20259
2612;18877
2613;17474
2614;16456
2615;15217
2616;13939
2617;13374
2618;12298
2619;11626
2620;10754
2621;10036
2622;9302
2623;8884
2624;8294
2625;7707
2626;7318
2627;6664
2628;6444
2629;6189
2630;5980
2631;5459
2632;5205
2633;5078
2634;4777
2635;4483
2636;4242
2637;4223
2638;3943
2639;3849
2640;3643
2641;3505
2642;3347
2643;3280
2644;3244
2645;3160
2646;3078
2647;2989
2648;2907
2649;2927
2650;2832
2651;2839
2652;2745
2653;2681
2654;2780
2655;2624
2656;2621
2657;2623
2658;2655
2659;2667
2660;2643
2661;2614
2662;2427
2663;2540
2664;2513
2665;2570
2666;2475
2667;2465
2668;2443
2669;2378
2670;2341
2671;2238
2672;2274
2673;2222
2674;2125
2675;2122
2676;2058
2677;1931
2678;1834
2679;1884
2680;1718
2681;1673
2682;1567
2683;1533
2684;1530
2685;1350
2686;1332
2687;1368
2688;1220
2689;1182
2690;1166
2691;1076
2692;982
2693;941
2694;846
2695;785
2696;813
2697;743
2698;700
2699;623
2700;586
2701;598
2702;535
2703;505
2704;490
2705;472
2706;486
2707;453
2708;417
2709;471
2710;400
2711;373
2712;399
2713;385
2714;367
2715;359
2716;368
2717;352
2718;327
2719;384
2720;365
2721;330
2722;359
2723;364
2724;358
2725;334
2726;319
2727;348
2728;360
2729;343
2730;366
2731;324
2732;338
2733;366
2734;347
2735;334
2736;369
2737;323
2738;316
2739;286
2740;312
2741;337
2742;348
2743;324
2744;312
2745;309
2746;292
2747;279
2748;305
2749;298
2750;306
2751;282
2752;263
2753;277
2754;276
2755;279
2756;259
2757;254
2758;246
2759;241
2760;228
2761;258
2762;221
2763;220
2764;244
2765;231
2766;219
2767;204
2768;233
2769;193
2770;201
2771;194
2772;212
2773;179
2774;200
2775;193
2776;185
2777;214
2778;181
2779;190
2780;185
2781;183
2782;199
2783;180
2784;201
2785;205
2786;180
2787;170
2788;189
2789;176
2790;197
2791;210
2792;175
2793;171
2794;169
2795;192
2796;180
2797;169
2798;163
2799;184
2800;179
2801;181
2802;182
2803;175
2804;201
2805;190
2806;166
2807;200
2808;201
2809;185
2810;180
2811;176
2812;176
2813;187
2814;193
2815;176
2816;183
2817;178
2818;174
2819;190
2820;183
2821;177
2822;164
2823;197
2824;171
2825;186
2826;169
2827;179
2828;187
2829;176
2830;170
2831;179
2832;189
2833;211
2834;220
2835;173
2836;178
2837;190
2838;200
2839;205
2840;196
2841;172
2842;178
2843;182
2844;194
2845;201
2846;187
2847;197
2848;221
2849;218
2850;170
2851;162
2852;191
2853;194
2854;193
2855;188
2856;185
2857;189
2858;184
2859;192
2860;172
2861;174
2862;190
2863;199
2864;196
2865;209
2866;185
2867;190
2868;201
2869;209
2870;190
2871;214
2872;179
2873;201
2874;172
2875;175
2876;227
2877;234
2878;180
2879;208
2880;218
2881;196
2882;224
2883;210
2884;199
2885;212
2886;208
2887;226
2888;212
2889;201
2890;211
2891;212
2892;242
2893;200
2894;228
2895;208
2896;237
2897;226
2898;270
2899;242
2900;279
2901;250
2902;274
2903;288
2904;264
2905;307
2906;314
2907;316
2908;300
2909;304
2910;293
2911;323
2912;330
2913;319
2914;336
2915;359
2916;315
2917;347
2918;351
2919;373
2920;385
2921;407
2922;348
2923;414
2924;397
2925;385
2926;426
2927;418
2928;413
2929;368
2930;411
2931;418
2932;428
2933;411
2934;402
2935;392
2936;378
2937;394
2938;422
2939;401
2940;366
2941;351
2942;415
2943;373
2944;371
2945;362
2946;358
2947;345
2948;364
2949;348
2950;341
2951;312
2952;336
2953;320
2954;335
2955;353
2956;322
2957;300
2958;319
2959;331
2960;302
2961;322
2962;304
2963;341
2964;275
2965;349
2966;316
2967;336
2968;371
2969;362
2970;393
2971;392
2972;414
2973;376
2974;391
2975;435
2976;447
2977;480
2978;553
2979;628
2980;636
2981;630
2982;680
2983;759
2984;791
2985;895
2986;978
2987;1037
2988;1184
2989;1157
2990;1259
2991;1394
2992;1596
2993;1740
2994;1788
2995;1849
2996;2120
2997;2315
2998;2387
2999;2457
3000;2618
3001;2911
3002;3047
3003;3211
3004;3372
3005;3675
3006;3847
3007;3829
3008;4069
3009;4298
3010;4458
3011;4619
3012;4782
3013;4956
3014;4936
3015;5278
3016;5174
3017;5332
3018;5427
3019;5523
3020;5542
3021;5618
3022;5537
3023;5644
3024;5623
3025;5486
3026;5460
3027;5484
3028;5320
3029;5357
3030;5232
3031;5131
3032;5069
3033;4797
3034;4607
3035;4536
3036;4454
3037;4101
3038;4066
3039;3803
3040;3573
3041;3490
3042;3383
3043;3241
3044;2936
3045;2850
3046;2637
3047;2415
3048;2322
3049;2189
3050;2083
3051;1988
3052;1839
3053;1670
3054;1522
3055;1497
3056;1378
3057;1251
3058;1180
3059;1118
3060;1038
3061;1019
3062;998
3063;975
3064;889
3065;915
3066;871
3067;948
3068;837
3069;926
3070;870
3071;861
3072;863
3073;867
3074;936
3075;968
3076;914
3077;1054
3078;1018
3079;1109
3080;1091
3081;1101
3082;1125
3083;1210
3084;1191
3085;1187
3086;1329
3087;1293
3088;1380
3089;1425
3090;1374
3091;1477
3092;1475
3093;1482
3094;1548
3095;1589
3096;1615
3097;1650
3098;1739
3099;1679
3100;1668
3101;1724
3102;1743
3103;1695
3104;1718
3105;1747
3106;1768
3107;1792
3108;1699
3109;1696
3110;1663
3111;1658
3112;1690
3113;1668
3114;1641
3115;1601
3116;1563
3117;1487
3118;1472
3119;1401
3120;1360
3121;1335
3122;1336
3123;1226
3124;1229
3125;1135
3126;1074
3127;1073
3128;1005
3129;930
3130;949
3131;866
3132;819
3133;726
3134;732
3135;716
3136;652
3137;613
3138;567
3139;545
3140;566
3141;481
3142;463
3143;422
3144;401
3145;414
3146;345
3147;344
3148;353
3149;297
3150;299
3151;306
3152;266
3153;258
3154;246
3155;235
3156;216
3157;239
3158;217
3159;223
3160;207
3161;196
3162;206
3163;163
3164;171
3165;199
3166;177
3167;181
3168;185
3169;152
3170;171
3171;175
3172;161
3173;159
3174;159
3175;161
3176;167
3177;160
3178;178
3179;172
3180;177
3181;156
3182;136
3183;161
3184;166
3185;172
3186;143
3187;148
3188;170
3189;175
3190;153
3191;192
3192;186
3193;166
3194;190
3195;182
3196;182
3197;154
3198;213
3199;219
3200;194
3201;199
3202;227
3203;211
3204;218
3205;223
3206;237
3207;219
3208;210
3209;220
3210;239
3211;274
3212;246
3213;270
3214;255
3215;284
3216;313
3217;266
3218;274
3219;256
3220;293
3221;313
3222;323
3223;317
3224;292
3225;279
3226;302
3227;310
3228;296
3229;344
3230;324
3231;287
3232;298
3233;284
3234;302
3235;304
3236;274
3237;290
3238;285
3239;302
3240;254
3241;259
3242;260
3243;273
3244;231
3245;254
3246;212
3247;229
3248;225
3249;231
3250;218
3251;210
3252;191
3253;184
3254;190
3255;201
3256;188
3257;179
3258;159
3259;186
3260;173
3261;178
3262;166
3263;138
3264;139
3265;142
3266;137
3267;139
3268;159
3269;119
3270;132
3271;142
3272;119
3273;128
3274;112
3275;133
3276;125
3277;122
3278;141
3279;129
3280;125
3281;129
3282;125
3283;134
3284;104
3285;148
3286;104
3287;116
3288;114
3289;114
3290;117
3291;119
3292;113
3293;115
3294;108
3295;102
3296;120
3297;130
3298;126
3299;127
3300;147
3301;106
3302;109
3303;95
3304;111
3305;141
3306;98
3307;119
3308;129
3309;120
3310;87
3311;127
3312;102
3313;111
3314;121
3315;122
3316;114
3317;122
3318;114
3319;124
3320;130
3321;124
3322;131
3323;125
3324;111
3325;129
3326;117
3327;116
3328;140
3329;118
3330;115
3331;121
3332;126
3333;117
3334;124
3335;128
3336;123
3337;125
3338;102
3339;115
3340;126
3341;130
3342;111
3343;94
3344;107
3345;126
3346;121
3347;118
3348;118
3349;124
3350;120
3351;116
3352;109
3353;143
3354;93
3355;112
3356;129
3357;114
3358;114
3359;132
3360;124
3361;124
3362;103
3363;135
3364;109
3365;117
3366;107
3367;127
3368;116
3369;122
3370;110
3371;103
3372;125
3373;128
3374;118
3375;116
3376;105
3377;111
3378;111
3379;121
3380;96
3381;119
3382;119
3383;120
3384;114
3385;120
3386;120
3387;108
3388;110
3389;116
3390;120
3391;123
3392;121
3393;115
3394;125
3395;115
3396;120
3397;90
3398;122
3399;125
3400;112
3401;114
3402;137
3403;114
3404;106
3405;135
3406;107
3407;108
3408;121
3409;118
3410;133
3411;122
3412;99
3413;98
3414;112
3415;111
3416;121
3417;127
3418;101
3419;120
3420;108
3421;131
3422;132
3423;106
3424;124
3425;112
3426;100
3427;108
3428;112
3429;120
3430;127
3431;129
3432;105
3433;106
3434;130
3435;119
3436;119
3437;132
3438;122
3439;116
3440;99
3441;115
3442;130
3443;145
3444;120
3445;116
3446;112
3447;115
3448;113
3449;111
3450;118
3451;124
3452;105
3453;109
3454;129
3455;133
3456;142
3457;106
3458;129
3459;124
3460;115
3461;138
3462;106
3463;92
3464;111
3465;118
3466;137
3467;129
3468;121
3469;131
3470;120
3471;109
3472;121
3473;113
3474;114
3475;106
3476;131
3477;115
3478;100
3479;122
3480;125
3481;128
3482;139
3483;123
3484;124
3485;103
3486;127
3487;112
3488;126
3489;121
3490;113
3491;112
3492;114
3493;127
3494;122
3495;107
3496;104
3497;119
3498;117
3499;109
3500;115
3501;134
3502;133
3503;126
3504;136
3505;109
3506;126
3507;127
3508;128
3509;109
3510;117
3511;131
3512;108
3513;137
3514;109
3515;105
3516;113
3517;119
3518;128
3519;107
3520;115
3521;115
3522;121
3523;120
3524;133
3525;120
3526;116
3527;122
3528;111
3529;129
3530;102
3531;127
3532;119
3533;132
3534;118
3535;140
3536;105
3537;112
3538;108
3539;108
3540;115
3541;105
3542;116
3543;103
3544;112
3545;122
3546;116
3547;118
3548;122
3549;128
3550;119
3551;119
3552;96
3553;125
3554;112
3555;105
3556;119
3557;116
3558;103
3559;126
3560;106
3561;115
3562;100
3563;95
3564;131
3565;115
3566;118
3567;104
3568;113
3569;102
3570;130
3571;107
3572;96
3573;116
3574;120
3575;111
3576;118
3577;123
3578;101
3579;129
3580;123
3581;111
3582;122
3583;113
3584;105
3585;114
3586;123
3587;103
3588;122
3589;129
3590;122
3591;108
3592;129
3593;149
3594;121
3595;110
3596;112
3597;103
3598;121
3599;110
3600;101
3601;120
3602;118
3603;129
3604;131
3605;139
3606;115
3607;134
3608;115
3609;115
3610;111
3611;123
3612;127
3613;153
3614;115
3615;133
3616;91
3617;106
3618;122
3619;127
3620;122
3621;118
3622;104
3623;112
3624;125
3625;108
3626;114
3627;134
3628;120
3629;110
3630;107
3631;113
3632;111
3633;125
3634;111
3635;137
3636;115
3637;103
3638;120
3639;108
3640;106
3641;120
3642;115
3643;117
3644;113
3645;117
3646;112
3647;118
3648;149
3649;107
3650;126
3651;102
3652;99
3653;107
3654;101
3655;115
3656;117
3657;108
3658;122
3659;118
3660;129
3661;115
3662;107
3663;133
3664;111
3665;131
3666;111
3667;121
3668;140
3669;101
3670;122
3671;130
3672;130
3673;133
3674;130
3675;111
3676;125
3677;128
3678;125
3679;132
3680;142
3681;124
3682;124
3683;124
3684;113
3685;128
3686;140
3687;150
3688;144
3689;110
3690;137
3691;125
3692;140
3693;139
3694;141
3695;126
3696;133
3697;126
3698;115
3699;126
3700;129
3701;117
3702;131
3703;136
3704;120
3705;136
3706;127
3707;111
3708;114
3709;137
3710;126
3711;121
3712;134
3713;136
3714;110
3715;120
3716;114
3717;138
3718;131
3719;128
3720;118
3721;116
3722;116
3723;108
3724;96
3725;115
3726;107
3727;135
3728;106
3729;108
3730;110
3731;121
3732;122
3733;100
3734;126
3735;110
3736;116
3737;113
3738;127
3739;110
3740;103
3741;135
3742;124
3743;128
3744;117
3745;117
3746;127
3747;128
3748;111
3749;110
3750;117
3751;116
3752;120
3753;113
3754;110
3755;116
3756;102
3757;132
3758;106
3759;96
3760;120
3761;120
3762;123
3763;115
3764;105
3765;116
3766;106
3767;125
3768;134
3769;107
3770;131
3771;128
3772;135
3773;139
3774;109
3775;106
3776;130
3777;126
3778;114
3779;127
3780;129
3781;130
3782;111
3783;137
3784;108
3785;144
3786;131
3787;125
3788;120
3789;128
3790;125
3791;112
3792;107
3793;109
3794;119
3795;103
3796;117
3797;109
3798;114
3799;128
3800;121
3801;123
3802;127
3803;135
3804;139
3805;119
3806;116
3807;132
3808;124
3809;145
3810;117
3811;128
3812;110
3813;134
3814;150
3815;130
3816;114
3817;118
3818;122
3819;111
3820;113
3821;126
3822;152
3823;128
3824;149
3825;135
3826;130
3827;145
3828;125
3829;120
3830;104
3831;124
3832;157
3833;135
3834;142
3835;145
3836;145
3837;116
3838;160
3839;149
3840;142
3841;152
3842;147
3843;150
3844;157
3845;161
3846;139
3847;170
3848;149
3849;190
3850;159
3851;175
3852;168
3853;155
3854;195
3855;202
3856;192
3857;180
3858;206
3859;181
3860;193
3861;195
3862;206
3863;211
3864;197
3865;192
3866;178
3867;212
3868;195
3869;192
3870;216
3871;223
3872;211
3873;214
3874;205
3875;194
3876;194
3877;206
3878;215
3879;206
3880;183
3881;188
3882;206
3883;175
3884;205
3885;227
3886;199
3887;204
3888;197
3889;198
3890;178
3891;181
3892;166
3893;170
3894;168
3895;183
3896;190
3897;156
3898;172
3899;181
3900;157
3901;180
3902;159
3903;184
3904;160
3905;151
3906;155
3907;164
3908;156
3909;138
3910;155
3911;137
3912;126
3913;164
3914;140
3915;134
3916;147
3917;139
3918;135
3919;129
3920;140
3921;129
3922;136
3923;123
3924;135
3925;126
3926;134
3927;109
3928;129
3929;146
3930;136
3931;112
3932;105
3933;134
3934;122
3935;137
3936;126
3937;140
3938;118
3939;123
3940;111
3941;122
3942;131
3943;128
3944;114
3945;127
3946;130
3947;126
3948;127
3949;134
3950;120
3951;143
3952;123
3953;119
3954;136
3955;123
3956;118
3957;116
3958;114
3959;128
3960;125
3961;133
3962;116
3963;129
3964;123
3965;144
3966;121
3967;143
3968;122
3969;113
3970;124
3971;128
3972;118
3973;134
3974;115
3975;114
3976;109
3977;122
3978;139
3979;110
3980;125
3981;119
3982;118
3983;125
3984;121
3985;117
3986;143
3987;116
3988;129
3989;129
3990;121
3991;119
3992;135
3993;135
3994;129
3995;136
3996;131
3997;120
3998;134
3999;133
4000;125
4001;141
4002;117
4003;139
4004;124
4005;164
4006;157
4007;156
4008;135
4009;136
4010;136
4011;172
4012;165
4013;152
4014;154
4015;138
4016;146
4017;147
4018;165
4019;162
4020;153
4021;142
4022;164
4023;188
4024;167
4025;159
4026;153
4027;198
4028;189
4029;175
4030;183
4031;165
4032;185
4033;184
4034;160
4035;208
4036;191
4037;169
4038;164
4039;194
4040;182
4041;195
4042;189
4043;154
4044;169
4045;186
4046;181
4047;169
4048;196
4049;174
4050;171
4051;180
4052;183
4053;188
4054;180
4055;177
4056;159
4057;197
4058;169
4059;175
4060;168
4061;169
4062;178
4063;167
4064;160
4065;162
4066;165
4067;161
4068;175
4069;180
4070;150
4071;155
4072;170
4073;149
4074;154
4075;159
4076;164
4077;182
4078;165
4079;164
4080;174
4081;168
4082;175
4083;183
4084;164
4085;170
4086;172
4087;150
4088;168
4089;189
4090;168
4091;184
4092;180
4093;189
4094;179
4095;189
4096;149
4097;196
4098;202
4099;200
4100;199
4101;199
4102;222
4103;182
4104;229
4105;183
4106;216
4107;183
4108;223
4109;208
4110;232
4111;216
4112;225
4113;222
4114;231
4115;251
4116;243
4117;215
4118;239
4119;238
4120;257
4121;284
4122;227
4123;234
4124;245
4125;268
4126;244
4127;250
4128;265
4129;292
4130;258
4131;257
4132;249
4133;258
4134;266
4135;255
4136;289
4137;274
4138;242
4139;283
4140;283
4141;298
4142;276
4143;298
4144;272
4145;272
4146;270
4147;278
4148;273
4149;299
4150;307
4151;252
4152;265
4153;289
4154;287
4155;274
4156;309
4157;287
4158;271
4159;258
4160;306
4161;280
4162;259
4163;301
4164;292
4165;287
4166;292
4167;275
4168;307
4169;277
4170;283
4171;273
4172;274
4173;265
4174;233
4175;284
4176;288
4177;281
4178;290
4179;269
4180;291
4181;274
4182;247
4183;252
4184;300
4185;279
4186;284
4187;309
4188;282
4189;281
4190;273
4191;308
4192;308
4193;281
4194;272
4195;270
4196;260
4197;284
4198;311
4199;275
4200;305
4201;319
4202;289
4203;275
4204;309
4205;280
4206;268
4207;267
4208;300
4209;280
4210;289
4211;276
4212;269
4213;289
4214;273
4215;301
4216;293
4217;296
4218;254
4219;247
4220;262
4221;227
4222;268
4223;256
4224;270
4225;268
4226;289
4227;266
4228;223
4229;276
4230;253
4231;240
4232;258
4233;247
4234;272
4235;264
4236;224
4237;276
4238;252
4239;280
4240;237
4241;265
4242;254
4243;259
4244;248
4245;243
4246;241
4247;243
4248;254
4249;255
4250;224
4251;247
4252;247
4253;241
4254;280
4255;250
4256;241
4257;259
4258;266
4259;239
4260;294
4261;287
4262;254
4263;293
4264;286
4265;290
4266;346
4267;301
4268;351
4269;342
4270;306
4271;373
4272;355
4273;440
4274;373
4275;392
4276;389
4277;398
4278;465
4279;436
4280;468
4281;429
4282;528
4283;553
4284;526
4285;519
4286;538
4287;560
4288;612
4289;604
4290;661
4291;664
4292;667
4293;698
4294;720
4295;766
4296;754
4297;809
4298;829
4299;795
4300;792
4301;874
4302;833
4303;853
4304;876
4305;946
4306;931
4307;889
4308;909
4309;945
4310;923
4311;957
4312;950
4313;920
4314;957
4315;889
4316;993
4317;1014
4318;958
4319;981
4320;895
4321;911
4322;927
4323;914
4324;894
4325;871
4326;898
4327;881
4328;867
4329;865
4330;863
4331;725
4332;791
4333;769
4334;714
4335;711
4336;709
4337;682
4338;649
4339;632
4340;651
4341;587
4342;540
4343;550
4344;500
4345;458
4346;471
4347;477
4348;440
4349;447
4350;388
4351;434
4352;358
4353;377
4354;338
4355;352
4356;321
4357;308
4358;305
4359;259
4360;281
4361;279
4362;247
4363;261
4364;212
4365;236
4366;237
4367;246
4368;199
4369;195
4370;182
4371;178
4372;192
4373;182
4374;203
4375;198
4376;195
4377;173
4378;157
4379;160
4380;168
4381;189
4382;144
4383;170
4384;159
4385;163
4386;147
4387;151
4388;137
4389;146
4390;152
4391;193
4392;150
4393;148
4394;158
4395;167
4396;167
4397;167
4398;172
4399;132
4400;157
4401;148
4402;166
4403;159
4404;139
4405;150
4406;151
4407;144
4408;139
4409;164
4410;166
4411;139
4412;161
4413;173
4414;141
4415;169
4416;154
4417;145
4418;149
4419;141
4420;128
4421;155
4422;160
4423;155
4424;152
4425;174
4426;144
4427;159
4428;168
4429;157
4430;165
4431;146
4432;143
4433;165
4434;172
4435;149
4436;190
4437;156
4438;180
4439;194
4440;180
4441;187
4442;197
4443;194
4444;194
4445;183
4446;184
4447;179
4448;181
4449;190
4450;197
4451;207
4452;207
4453;195
4454;233
4455;204
4456;193
4457;224
4458;223
4459;232
4460;206
4461;214
4462;232
4463;222
4464;194
4465;209
4466;223
4467;201
4468;208
4469;237
4470;205
4471;220
4472;219
4473;261
4474;213
4475;252
4476;249
4477;200
4478;226
4479;212
4480;250
4481;230
4482;236
4483;238
4484;245
4485;209
4486;239
4487;221
4488;197
4489;230
4490;224
4491;228
4492;264
4493;221
4494;208
4495;217
4496;210
4497;228
4498;208
4499;182
4500;194
4501;211
4502;200
4503;229
4504;236
4505;199
4506;216
4507;232
4508;222
4509;204
4510;206
4511;210
4512;220
4513;210
4514;219
4515;231
4516;211
4517;236
4518;220
4519;219
4520;226
4521;232
4522;198
4523;245
4524;238
4525;205
4526;230
4527;222
4528;238
4529;221
4530;182
4531;221
4532;253
4533;251
4534;250
4535;231
4536;193
4537;232
4538;233
4539;222
4540;237
4541;256
4542;260
4543;202
4544;229
4545;225
4546;252
4547;220
4548;239
4549;223
4550;227
4551;227
4552;238
4553;239
4554;228
4555;222
4556;260
4557;237
4558;255
4559;249
4560;241
4561;225
4562;206
4563;223
4564;246
4565;212
4566;211
4567;227
4568;218
4569;216
4570;196
4571;228
4572;199
4573;220
4574;219
4575;174
4576;186
4577;177
4578;183
4579;209
4580;187
4581;188
4582;166
4583;183
4584;220
4585;151
4586;176
4587;179
4588;182
4589;157
4590;183
4591;185
4592;170
4593;164
4594;167
4595;172
4596;163
4597;177
4598;192
4599;175
4600;173
4601;180
4602;169
4603;194
4604;205
4605;178
4606;181
4607;214
4608;187
4609;172
4610;161
4611;196
4612;195
4613;167
4614;197
4615;190
4616;187
4617;170
4618;197
4619;171
4620;180
4621;203
4622;191
4623;190
4624;182
4625;201
4626;186
4627;173
4628;192
4629;212
4630;190
4631;200
4632;205
4633;199
4634;206
4635;202
4636;197
4637;198
4638;185
4639;199
4640;229
4641;189
4642;197
4643;203
4644;209
4645;206
4646;213
4647;234
4648;208
4649;215
4650;228
4651;239
4652;214
4653;213
4654;231
4655;256
4656;243
4657;230
4658;269
4659;231
4660;275
4661;258
4662;222
4663;252
4664;244
4665;255
4666;234
4667;198
4668;217
4669;266
4670;263
4671;267
4672;271
4673;277
4674;287
4675;263
4676;287
4677;262
4678;261
4679;280
4680;313
4681;304
4682;335
4683;343
4684;296
4685;309
4686;328
4687;373
4688;347
4689;353
4690;354
4691;393
4692;390
4693;393
4694;423
4695;412
4696;476
4697;494
4698;497
4699;515
4700;516
4701;574
4702;567
4703;625
4704;616
4705;649
4706;649
4707;708
4708;714
4709;731
4710;800
4711;785
4712;851
4713;880
4714;905
4715;987
4716;963
4717;1018
4718;1087
4719;1095
4720;1127
4721;1151
4722;1194
4723;1271
4724;1332
4725;1337
4726;1297
4727;1338
4728;1454
4729;1433
4730;1431
4731;1476
4732;1432
4733;1540
4734;1650
4735;1507
4736;1560
4737;1558
4738;1523
4739;1634
4740;1556
4741;1644
4742;1512
4743;1548
4744;1540
4745;1578
4746;1522
4747;1487
4748;1462
4749;1497
4750;1450
4751;1436
4752;1445
4753;1369
4754;1340
4755;1259
4756;1290
4757;1249
4758;1241
4759;1149
4760;1172
4761;1055
4762;1070
4763;1033
4764;1024
4765;984
4766;926
4767;906
4768;846
4769;817
4770;769
4771;788
4772;702
4773;684
4774;648
4775;635
4776;605
4777;562
4778;553
4779;564
4780;546
4781;462
4782;495
4783;459
4784;440
4785;415
4786;399
4787;351
4788;368
4789;359
4790;341
4791;324
4792;326
4793;278
4794;270
4795;250
4796;263
4797;254
4798;249
4799;257
4800;258
4801;254
4802;262
4803;221
4804;215
4805;230
4806;208
4807;224
4808;200
4809;183
4810;196
4811;227
4812;192
4813;196
4814;170
4815;147
4816;181
4817;185
4818;183
4819;166
4820;172
4821;182
4822;164
4823;137
4824;161
4825;151
4826;162
4827;158
4828;149
4829;147
4830;172
4831;162
4832;151
4833;134
4834;135
4835;123
4836;105
4837;150
4838;167
4839;133
4840;131
4841;123
4842;128
4843;131
4844;124
4845;122
4846;100
4847;126
4848;125
4849;120
4850;116
4851;101
4852;119
4853;131
4854;114
4855;114
4856;119
4857;115
4858;122
4859;115
4860;93
4861;116
4862;115
4863;91
4864;114
4865;101
4866;106
4867;90
4868;122
4869;100
4870;113
4871;110
4872;114
4873;114
4874;97
4875;113
4876;117
4877;116
4878;96
4879;104
4880;114
4881;135
4882;112
4883;113
4884;102
4885;114
4886;122
4887;133
4888;126
4889;142
4890;125
4891;127
4892;107
4893;110
4894;111
4895;128
4896;111
4897;122
4898;124
4899;130
4900;120
4901;128
4902;104
4903;129
4904;112
4905;114
4906;124
4907;122
4908;118
4909;104
4910;112
4911;125
4912;115
4913;115
4914;117
4915;116
4916;83
4917;115
4918;111
4919;130
4920;119
4921;114
4922;96
4923;105
4924;99
4925;116
4926;102
4927;86
4928;94
4929;104
4930;103
4931;95
4932;97
4933;86
4934;94
4935;84
4936;80
4937;92
4938;80
4939;99
4940;90
4941;93
4942;92
4943;98
4944;85
4945;81
4946;84
4947;79
4948;80
4949;91
4950;65
4951;98
4952;94
4953;87
4954;67
4955;89
4956;87
4957;101
4958;90
4959;92
4960;86
4961;83
4962;90
4963;88
4964;87
4965;97
4966;92
4967;65
4968;77
4969;78
4970;74
4971;89
4972;83
4973;90
4974;74
4975;76
4976;87
4977;84
4978;102
4979;90
4980;95
4981;92
4982;79
4983;87
4984;91
4985;80
4986;97
4987;78
4988;70
4989;94
4990;83
4991;70
4992;98
4993;95
4994;95
4995;92
4996;101
4997;98
4998;86
4999;82
5000;89
5001;94
5002;104
5003;99
5004;83
5005;83
5006;90
5007;92
5008;91
5009;80
5010;84
5011;90
5012;69
5013;101
5014;85
5015;77
5016;101
5017;90
5018;113
5019;72
5020;84
5021;87
5022;90
5023;94
5024;92
5025;97
5026;92
5027;82
5028;91
5029;99
5030;114
5031;110
5032;109
5033;103
5034;80
5035;102
5036;117
5037;117
5038;108
5039;92
5040;106
5041;117
5042;100
5043;95
5044;109
5045;114
5046;93
5047;110
5048;109
5049;119
5050;120
5051;122
5052;146
5053;125
5054;105
5055;119
5056;140
5057;111
5058;152
5059;151
5060;156
5061;158
5062;135
5063;173
5064;158
5065;145
5066;152
5067;122
5068;129
5069;164
5070;161
5071;172
5072;202
5073;140
5074;149
5075;161
5076;166
5077;159
5078;184
5079;182
5080;192
5081;181
5082;168
5083;162
5084;177
5085;178
5086;195
5087;186
5088;208
5089;215
5090;182
5091;178
5092;215
5093;183
5094;183
5095;184
5096;216
5097;214
5098;200
5099;175
5100;216
5101;214
5102;217
5103;204
5104;196
5105;221
5106;228
5107;212
5108;218
5109;226
5110;242
5111;229
5112;237
5113;244
5114;279
5115;274
5116;272
5117;270
5118;291
5119;283
5120;293
5121;294
5122;302
5123;331
5124;308
5125;360
5126;342
5127;350
5128;380
5129;433
5130;405
5131;435
5132;450
5133;476
5134;510
5135;463
5136;496
5137;510
5138;539
5139;560
5140;556
5141;536
5142;605
5143;615
5144;656
5145;616
5146;688
5147;677
5148;725
5149;760
5150;818
5151;797
5152;808
5153;826
5154;810
5155;857
5156;891
5157;839
5158;807
5159;887
5160;845
5161;883
5162;904
5163;846
5164;900
5165;931
5166;888
5167;876
5168;930
5169;957
5170;887
5171;856
5172;860
5173;884
5174;871
5175;836
5176;820
5177;793
5178;820
5179;824
5180;810
5181;780
5182;755
5183;778
5184;742
5185;771
5186;693
5187;678
5188;628
5189;654
5190;603
5191;627
5192;554
5193;600
5194;599
5195;524
5196;512
5197;520
5198;457
5199;455
5200;429
5201;425
5202;426
5203;430
5204;395
5205;375
5206;393
5207;332
5208;364
5209;372
5210;325
5211;271
5212;309
5213;282
5214;280
5215;274
5216;240
5217;244
5218;268
5219;230
5220;242
5221;222
5222;248
5223;227
5224;226
5225;240
5226;203
5227;197
5228;196
5229;202
5230;188
5231;197
5232;199
5233;182
5234;158
5235;199
5236;175
5237;169
5238;167
5239;191
5240;151
5241;193
5242;200
5243;182
5244;181
5245;158
5246;191
5247;175
5248;168
5249;181
5250;192
5251;158
5252;186
5253;165
5254;139
5255;176
5256;158
5257;184
5258;164
5259;147
5260;151
5261;145
5262;146
5263;157
5264;157
5265;155
5266;133
5267;118
5268;126
5269;132
5270;118
5271;143
5272;140
5273;129
5274;108
5275;107
5276;141
5277;117
5278;131
5279;97
5280;106
5281;121
5282;125
5283;114
5284;107
5285;101
5286;110
5287;84
5288;98
5289;88
5290;95
5291;91
5292;103
5293;90
5294;87
5295;88
5296;76
5297;92
5298;102
5299;96
5300;90
5301;105
5302;96
5303;109
5304;98
5305;94
5306;83
5307;95
5308;89
5309;104
5310;95
5311;91
5312;96
5313;100
5314;127
5315;109
5316;93
5317;115
5318;109
5319;105
5320;137
5321;93
5322;142
5323;133
5324;145
5325;144
5326;138
5327;126
5328;120
5329;120
5330;152
5331;136
5332;141
5333;158
5334;139
5335;132
5336;149
5337;140
5338;146
5339;133
5340;151
5341;177
5342;167
5343;151
5344;150
5345;176
5346;160
5347;151
5348;157
5349;164
5350;164
5351;163
5352;203
5353;161
5354;149
5355;155
5356;155
5357;166
5358;169
5359;165
5360;177
5361;176
5362;185
5363;202
5364;166
5365;191
5366;177
5367;192
5368;193
5369;174
5370;224
5371;198
5372;195
5373;194
5374;197
5375;233
5376;191
5377;225
5378;212
5379;199
5380;215
5381;227
5382;198
5383;209
5384;183
5385;203
5386;226
5387;217
5388;216
5389;188
5390;201
5391;192
5392;221
5393;206
5394;210
5395;207
5396;237
5397;231
5398;196
5399;217
5400;227
5401;192
5402;184
5403;202
5404;215
5405;167
5406;153
5407;140
5408;161
5409;157
5410;150
5411;155
5412;166
5413;160
5414;143
5415;138
5416;127
5417;126
5418;127
5419;136
5420;127
5421;127
5422;104
5423;116
5424;98
5425;108
5426;101
5427;82
5428;83
5429;76
5430;82
5431;79
5432;79
5433;78
5434;72
5435;73
5436;65
5437;78
5438;74
5439;53
5440;57
5441;71
5442;50
5443;46
5444;58
5445;56
5446;63
5447;64
5448;47
5449;56
5450;56
5451;66
5452;47
5453;51
5454;63
5455;45
5456;56
5457;42
5458;59
5459;48
5460;47
5461;36
5462;46
5463;56
5464;47
5465;52
5466;47
5467;45
5468;46
5469;35
5470;47
5471;41
5472;51
5473;43
5474;46
5475;44
5476;49
5477;46
5478;48
5479;49
5480;50
5481;51
5482;45
5483;42
5484;55
5485;45
5486;53
5487;42
5488;52
5489;61
5490;45
5491;52
5492;54
5493;51
5494;57
5495;56
5496;49
5497;71
5498;35
5499;58
5500;41
5501;47
5502;48
5503;45
5504;61
5505;61
5506;54
5507;50
5508;51
5509;60
5510;51
5511;53
5512;61
5513;55
5514;50
5515;51
5516;52
5517;65
5518;68
5519;56
5520;54
5521;55
5522;46
5523;50
5524;50
5525;57
5526;45
5527;57
5528;56
5529;57
5530;54
5531;62
5532;49
5533;58
5534;73
5535;49
5536;55
5537;75
5538;52
5539;54
5540;70
5541;58
5542;59
5543;60
5544;61
5545;66
5546;66
5547;65
5548;68
5549;75
5550;62
5551;61
5552;80
5553;62
5554;79
5555;74
5556;91
5557;58
5558;95
5559;79
5560;93
5561;78
5562;96
5563;82
5564;100
5565;107
5566;104
5567;112
5568;96
5569;102
5570;136
5571;91
5572;123
5573;126
5574;129
5575;126
5576;125
5577;163
5578;137
5579;157
5580;144
5581;157
5582;123
5583;158
5584;148
5585;169
5586;175
5587;152
5588;166
5589;182
5590;169
5591;173
5592;188
5593;171
5594;173
5595;182
5596;162
5597;168
5598;185
5599;173
5600;148
5601;190
5602;209
5603;194
5604;165
5605;188
5606;185
5607;173
5608;186
5609;176
5610;168
5611;184
5612;167
5613;159
5614;184
5615;147
5616;177
5617;163
5618;160
5619;155
5620;139
5621;156
5622;153
5623;154
5624;146
5625;165
5626;147
5627;122
5628;144
5629;121
5630;104
5631;122
5632;99
5633;121
5634;121
5635;96
5636;85
5637;102
5638;99
5639;106
5640;104
5641;102
5642;94
5643;86
5644;79
5645;101
5646;90
5647;109
5648;99
5649;80
5650;82
5651;106
5652;74
5653;80
5654;67
5655;94
5656;90
5657;88
5658;83
5659;87
5660;93
5661;93
5662;85
5663;94
5664;79
5665;81
5666;88
5667;82
5668;64
5669;83
5670;94
5671;87
5672;83
5673;79
5674;92
5675;81
5676;88
5677;89
5678;88
5679;88
5680;67
5681;85
5682;85
5683;75
5684;86
5685;89
5686;88
5687;90
5688;82
5689;82
5690;95
5691;75
5692;74
5693;99
5694;83
5695;74
5696;78
5697;81
5698;74
5699;77
5700;95
5701;54
5702;79
5703;61
5704;65
5705;74
5706;60
5707;72
5708;66
5709;76
5710;67
5711;53
5712;65
5713;59
5714;61
5715;62
5716;66
5717;58
5718;58
5719;50
5720;61
5721;64
5722;44
5723;50
5724;44
5725;49
5726;57
5727;45
5728;55
5729;49
5730;42
5731;35
5732;70
5733;41
5734;39
5735;51
5736;49
5737;40
5738;28
5739;46
5740;52
5741;47
5742;45
5743;48
5744;42
5745;33
5746;41
5747;41
5748;46
5749;29
5750;41
5751;32
5752;33
5753;39
5754;54
5755;29
5756;46
5757;26
5758;25
5759;30
5760;37
5761;40
5762;35
5763;40
5764;33
5765;25
5766;41
5767;49
5768;44
5769;30
5770;49
5771;46
5772;29
5773;36
5774;37
5775;34
5776;41
5777;32
5778;36
5779;40
5780;24
5781;30
5782;28
5783;39
5784;45
5785;25
5786;39
5787;35
5788;39
5789;42
5790;30
5791;41
5792;29
5793;29
5794;32
5795;30
5796;38
5797;40
5798;44
5799;36
5800;38
5801;31
5802;33
5803;42
5804;32
5805;31
5806;40
5807;34
5808;42
5809;25
5810;39
5811;42
5812;54
5813;42
5814;47
5815;38
5816;38
5817;41
5818;24
5819;48
5820;25
5821;39
5822;42
5823;36
5824;32
5825;29
5826;24
5827;36
5828;33
5829;43
5830;40
5831;33
5832;38
5833;32
5834;38
5835;32
5836;22
5837;29
5838;25
5839;41
5840;34
5841;33
5842;45
5843;38
5844;33
5845;37
5846;36
5847;29
5848;31
5849;36
5850;32
5851;26
5852;28
5853;27
5854;32
5855;25
5856;40
5857;29
5858;36
5859;38
5860;40
5861;30
5862;31
5863;27
5864;32
5865;33
5866;29
5867;26
5868;28
5869;36
5870;32
5871;33
5872;27
5873;38
5874;22
5875;34
5876;29
5877;31
5878;22
5879;33
5880;26
5881;26
5882;34
5883;34
5884;26
5885;26
5886;35
5887;23
5888;36
5889;25
5890;29
5891;30
5892;25
5893;26
5894;19
5895;32
5896;37
5897;26
5898;30
5899;30
5900;33
5901;20
5902;36
5903;32
5904;33
5905;23
5906;38
5907;38
5908;34
5909;23
5910;29
5911;31
5912;26
5913;30
5914;36
5915;30
5916;24
5917;27
5918;29
5919;22
5920;30
5921;33
5922;29
5923;30
5924;34
5925;40
5926;42
5927;35
5928;34
5929;30
5930;35
5931;30
5932;36
5933;32
5934;24
5935;27
5936;35
5937;32
5938;35
5939;27
5940;33
5941;33
5942;30
5943;40
5944;30
5945;35
5946;28
5947;34
5948;28
5949;17
5950;32
5951;33
5952;30
5953;29
5954;20
5955;31
5956;21
5957;28
5958;36
5959;26
5960;37
5961;38
5962;25
5963;25
5964;36
5965;34
5966;33
5967;39
5968;24
5969;35
5970;21
5971;24
5972;42
5973;36
5974;33
5975;40
5976;25
5977;23
5978;39
5979;30
5980;32
5981;37
5982;26
5983;38
5984;31
5985;35
5986;36
5987;34
5988;31
5989;31
5990;30
5991;46
5992;31
5993;30
5994;29
5995;26
5996;48
5997;25
5998;35
5999;35
6000;37
6001;30
6002;34
6003;31
6004;28
6005;29
6006;32
6007;30
6008;24
6009;32
6010;28
6011;24
6012;40
6013;36
6014;33
6015;22
6016;42
6017;51
6018;34
6019;47
6020;45
6021;35
6022;43
6023;39
6024;40
6025;33
6026;45
6027;51
6028;36
6029;43
6030;36
6031;38
6032;45
6033;47
6034;53
6035;45
6036;33
6037;44
6038;39
6039;47
6040;47
6041;58
6042;52
6043;52
6044;57
6045;55
6046;62
6047;61
6048;48
6049;61
6050;61
6051;47
6052;65
6053;56
6054;81
6055;59
6056;62
6057;66
6058;53
6059;80
6060;56
6061;69
6062;52
6063;80
6064;64
6065;58
6066;64
6067;70
6068;74
6069;66
6070;68
6071;66
6072;69
6073;82
6074;64
6075;63
6076;67
6077;66
6078;77
6079;57
6080;64
6081;58
6082;60
6083;60
6084;63
6085;57
6086;58
6087;71
6088;48
6089;56
6090;50
6091;58
6092;55
6093;46
6094;47
6095;56
6096;52
6097;59
6098;47
6099;63
6100;43
6101;49
6102;52
6103;38
6104;46
6105;47
6106;57
6107;35
6108;47
6109;47
6110;36
6111;36
6112;51
6113;47
6114;53
6115;36
6116;32
6117;35
6118;38
6119;43
6120;34
6121;39
6122;35
6123;40
6124;36
6125;32
6126;28
6127;42
6128;40
6129;33
6130;31
6131;40
6132;31
6133;29
6134;32
6135;29
6136;38
6137;26
6138;41
6139;28
6140;31
6141;40
6142;40
6143;25
6144;42
6145;23
6146;26
6147;32
6148;39
6149;19
6150;26
6151;17
6152;25
6153;40
6154;29
6155;40
6156;32
6157;33
6158;31
6159;25
6160;43
6161;27
6162;28
6163;31
6164;22
6165;20
6166;30
6167;28
6168;34
6169;26
6170;36
6171;36
6172;37
6173;35
6174;26
6175;29
6176;37
6177;32
6178;32
6179;27
6180;39
6181;37
6182;25
6183;35
6184;27
6185;27
6186;30
6187;33
6188;22
6189;38
6190;21
6191;25
6192;35
6193;32
6194;36
6195;28
6196;26
6197;34
6198;36
6199;38
6200;38
6201;41
6202;33
6203;34
6204;30
6205;32
6206;35
6207;28
6208;36
6209;44
6210;42
6211;32
6212;36
6213;31
6214;38
6215;38
6216;29
6217;33
6218;28
6219;34
6220;30
6221;39
6222;33
6223;28
6224;34
6225;36
6226;22
6227;32
6228;25
6229;29
6230;27
6231;37
6232;31
6233;35
6234;29
6235;26
6236;34
6237;39
6238;32
6239;23
6240;38
6241;21
6242;26
6243;36
6244;45
6245;22
6246;25
6247;20
6248;35
6249;30
6250;24
6251;29
6252;36
6253;34
6254;26
6255;38
6256;34
6257;26
6258;23
6259;27
6260;31
6261;38
6262;23
6263;20
6264;26
6265;23
6266;42
6267;35
6268;28
6269;26
6270;24
6271;36
6272;22
6273;25
6274;35
6275;29
6276;35
6277;29
6278;31
6279;27
6280;19
6281;25
6282;33
6283;28
6284;31
6285;31
6286;43
6287;27
6288;28
6289;23
6290;29
6291;24
6292;30
6293;34
6294;15
6295;23
6296;30
6297;26
6298;27
6299;32
6300;25
6301;26
6302;32
6303;32
6304;23
6305;32
6306;33
6307;29
6308;34
6309;31
6310;31
6311;31
6312;18
6313;39
6314;29
6315;27
6316;34
6317;23
6318;30
6319;29
6320;27
6321;30
6322;23
6323;25
6324;27
6325;27
6326;27
6327;35
6328;31
6329;31
6330;26
6331;37
6332;22
6333;28
6334;36
6335;30
6336;35
6337;32
6338;28
6339;19
6340;25
6341;42
6342;18
6343;32
6344;12
6345;26
6346;29
6347;23
6348;38
6349;26
6350;29
6351;30
6352;27
6353;33
6354;23
6355;26
6356;27
6357;26
6358;29
6359;35
6360;34
6361;28
6362;29
6363;23
6364;23
6365;27
6366;32
6367;36
6368;26
6369;34
6370;29
6371;27
6372;26
6373;31
6374;28
6375;24
6376;33
6377;25
6378;33
6379;29
6380;22
6381;29
6382;24
6383;35
6384;28
6385;25
6386;22
6387;28
6388;37
6389;24
6390;26
6391;30
6392;33
6393;32
6394;24
6395;25
6396;25
6397;34
6398;34
6399;42
6400;23
6401;34
6402;26
6403;30
6404;34
6405;23
6406;26
6407;22
6408;26
6409;34
6410;32
6411;27
6412;34
6413;24
6414;34
6415;36
6416;39
6417;24
6418;25
6419;26
6420;32
6421;33
6422;20
6423;31
6424;28
6425;27
6426;43
6427;39
6428;29
6429;37
6430;39
6431;28
6432;25
6433;37
6434;29
6435;34
6436;27
6437;32
6438;41
6439;35
6440;34
6441;37
6442;34
6443;38
6444;32
6445;35
6446;35
6447;29
6448;34
6449;38
6450;42
6451;31
6452;32
6453;29
6454;31
6455;38
6456;37
6457;36
6458;41
6459;43
6460;38
6461;49
6462;43
6463;45
6464;36
6465;40
6466;48
6467;33
6468;43
6469;27
6470;38
6471;40
6472;40
6473;34
6474;39
6475;42
6476;39
6477;29
6478;27
6479;31
6480;29
6481;45
6482;39
6483;36
6484;35
6485;41
6486;40
6487;41
6488;26
6489;44
6490;33
6491;40
6492;33
6493;26
6494;36
6495;29
6496;28
6497;29
6498;35
6499;33
6500;29
6501;27
6502;22
6503;40
6504;29
6505;40
6506;25
6507;21
6508;34
6509;19
6510;24
6511;18
6512;26
6513;30
6514;25
6515;27
6516;18
6517;32
6518;27
6519;20
6520;29
6521;15
6522;25
6523;29
6524;26
6525;23
6526;33
6527;25
6528;21
6529;23
6530;25
6531;16
6532;26
6533;29
6534;28
6535;24
6536;24
6537;16
6538;31
6539;23
6540;19
6541;20
6542;18
6543;17
6544;19
6545;18
6546;21
6547;22
6548;20
6549;22
6550;24
6551;22
6552;25
6553;21
6554;18
6555;25
6556;18
6557;21
6558;20
6559;28
6560;19
6561;26
6562;22
6563;20
6564;24
6565;33
6566;19
6567;18
6568;28
6569;20
6570;29
6571;26
6572;39
6573;17
6574;22
6575;21
6576;26
6577;21
6578;16
6579;20
6580;21
6581;24
6582;23
6583;17
6584;23
6585;17
6586;17
6587;34
6588;18
6589;29
6590;28
6591;26
6592;19
6593;17
6594;22
6595;27
6596;27
6597;25
6598;21
6599;25
6600;24
6601;18
6602;19
6603;23
6604;31
6605;17
6606;19
6607;27
6608;22
6609;23
6610;21
6611;32
6612;24
6613;29
6614;27
6615;22
6616;23
6617;32
6618;27
6619;28
6620;26
6621;28
6622;20
6623;20
6624;20
6625;29
6626;25
6627;22
6628;26
6629;28
6630;29
6631;24
6632;30
6633;27
6634;27
6635;23
6636;23
6637;24
6638;23
6639;26
6640;17
6641;30
6642;29
6643;28
6644;37
6645;23
6646;19
6647;33
6648;25
6649;21
6650;24
6651;19
6652;33
6653;26
6654;27
6655;21
6656;27
6657;19
6658;22
6659;29
6660;21
6661;32
6662;23
6663;29
6664;28
6665;31
6666;21
6667;21
6668;30
6669;17
6670;29
6671;22
6672;27
6673;17
6674;22
6675;27
6676;25
6677;20
6678;24
6679;22
6680;30
6681;23
6682;23
6683;27
6684;28
6685;27
6686;38
6687;32
6688;22
6689;33
6690;22
6691;23
6692;22
6693;20
6694;26
6695;30
6696;30
6697;28
6698;30
6699;20
6700;28
6701;32
6702;28
6703;35
6704;34
6705;24
6706;23
6707;35
6708;22
6709;30
6710;31
6711;29
6712;28
6713;34
6714;21
6715;23
6716;26
6717;28
6718;29
6719;29
6720;26
6721;25
6722;23
6723;20
6724;33
6725;28
6726;29
6727;20
6728;19
6729;26
6730;29
6731;25
6732;24
6733;22
6734;25
6735;23
6736;32
6737;15
6738;19
6739;30
6740;27
6741;22
6742;20
6743;24
6744;25
6745;30
6746;29
6747;32
6748;26
6749;25
6750;27
6751;40
6752;27
6753;44
6754;22
6755;25
6756;34
6757;20
6758;27
6759;25
6760;21
6761;28
6762;33
6763;22
6764;26
6765;27
6766;42
6767;29
6768;32
6769;21
6770;29
6771;24
6772;21
6773;26
6774;26
6775;17
6776;28
6777;31
6778;34
6779;23
6780;26
6781;31
6782;24
6783;31
6784;25
6785;31
6786;19
6787;34
6788;19
6789;19
6790;22
6791;17
6792;37
6793;26
6794;31
6795;23
6796;28
6797;27
6798;17
6799;23
6800;26
6801;21
6802;27
6803;24
6804;29
6805;31
6806;27
6807;19
6808;31
6809;31
6810;36
6811;26
6812;29
6813;33
6814;24
6815;28
6816;32
6817;25
6818;29
6819;17
6820;33
6821;21
6822;27
6823;37
6824;30
6825;26
6826;36
6827;34
6828;29
6829;38
6830;20
6831;30
6832;27
6833;31
6834;25
6835;37
6836;29
6837;27
6838;29
6839;35
6840;24
6841;28
6842;38
6843;27
6844;35
6845;30
6846;32
6847;32
6848;41
6849;31
6850;26
6851;46
6852;24
6853;37
6854;30
6855;40
6856;42
6857;41
6858;49
6859;35
6860;37
6861;46
6862;53
6863;46
6864;42
6865;64
6866;49
6867;64
6868;47
6869;52
6870;52
6871;54
6872;61
6873;48
6874;56
6875;62
6876;51
6877;50
6878;58
6879;46
6880;61
6881;54
6882;49
6883;50
6884;55
6885;50
6886;63
6887;41
6888;56
6889;62
6890;64
6891;57
6892;58
6893;46
6894;64
6895;53
6896;56
6897;53
6898;55
6899;37
6900;60
6901;63
6902;55
6903;58
6904;62
6905;54
6906;48
6907;53
6908;45
6909;47
6910;52
6911;51
6912;42
6913;37
6914;44
6915;59
6916;41
6917;40
6918;55
6919;46
6920;44
6921;42
6922;37
6923;47
6924;40
6925;27
6926;47
6927;43
6928;33
6929;33
6930;27
6931;30
6932;38
6933;42
6934;29
6935;32
6936;31
6937;29
6938;28
6939;37
6940;23
6941;27
6942;25
6943;30
6944;28
6945;23
6946;20
6947;27
6948;27
6949;26
6950;27
6951;27
6952;26
6953;24
6954;24
6955;26
6956;23
6957;20
6958;14
6959;10
6960;14
6961;19
6962;27
6963;20
6964;24
6965;21
6966;22
6967;24
6968;22
6969;20
6970;19
6971;10
6972;14
6973;23
6974;27
6975;21
6976;9
6977;14
6978;14
6979;20
6980;15
6981;16
6982;17
6983;22
6984;16
6985;20
6986;20
6987;17
6988;18
6989;16
6990;14
6991;18
6992;22
6993;17
6994;11
6995;14
6996;14
6997;19
6998;15
6999;15
7000;21
7001;21
7002;11
7003;24
7004;16
7005;24
7006;18
7007;11
7008;21
7009;21
7010;17
7011;14
7012;10
7013;15
7014;22
7015;23
7016;18
7017;16
7018;10
7019;11
7020;19
7021;22
7022;15
7023;18
7024;14
7025;21
7026;11
7027;14
7028;18
7029;14
7030;20
7031;17
7032;18
7033;23
7034;20
7035;18
7036;21
7037;23
7038;20
7039;14
7040;19
7041;16
7042;18
7043;18
7044;12
7045;15
7046;18
7047;19
7048;16
7049;14
7050;16
7051;22
7052;19
7053;17
7054;28
7055;16
7056;17
7057;10
7058;19
7059;18
7060;14
7061;18
7062;16
7063;24
7064;18
7065;17
7066;19
7067;20
7068;21
7069;13
7070;12
7071;23
7072;10
7073;18
7074;26
7075;19
7076;17
7077;15
7078;24
7079;25
7080;24
7081;17
7082;17
7083;21
7084;11
7085;15
7086;10
7087;20
7088;27
7089;23
7090;18
7091;27
7092;19
7093;13
7094;25
7095;20
7096;13
7097;16
7098;12
7099;27
7100;17
7101;17
7102;16
7103;16
7104;23
7105;12
7106;17
7107;11
7108;13
7109;25
7110;14
7111;15
7112;23
7113;17
7114;19
7115;26
7116;13
7117;11
7118;21
7119;20
7120;24
7121;21
7122;24
7123;15
7124;17
7125;23
7126;15
7127;30
7128;21
7129;20
7130;22
7131;18
7132;12
7133;18
7134;19
7135;12
7136;32
7137;13
7138;17
7139;14
7140;27
7141;17
7142;19
7143;17
7144;15
7145;22
7146;17
7147;18
7148;19
7149;21
7150;16
7151;21
7152;14
7153;17
7154;20
7155;17
7156;21
7157;16
7158;17
7159;16
7160;18
7161;16
7162;17
7163;17
7164;15
7165;7
7166;23
7167;18
7168;19
7169;21
7170;15
7171;22
7172;17
7173;13
7174;22
7175;13
7176;22
7177;13
7178;19
7179;22
7180;16
7181;20
7182;23
7183;12
7184;21
7185;24
7186;15
7187;11
7188;19
7189;14
7190;19
7191;18
7192;28
7193;14
7194;21
7195;16
7196;23
7197;13
7198;18
7199;20
7200;21
7201;17
7202;24
7203;12
7204;16
7205;15
7206;22
7207;14
7208;15
7209;21
7210;17
7211;19
7212;24
7213;30
7214;19
7215;9
7216;19
7217;22
7218;13
7219;15
7220;17
7221;21
7222;26
7223;18
7224;20
7225;25
7226;28
7227;30
7228;23
7229;15
7230;20
7231;32
7232;28
7233;31
7234;21
7235;26
7236;18
7237;19
7238;18
7239;27
7240;22
7241;14
7242;24
7243;17
7244;19
7245;26
7246;22
7247;33
7248;26
7249;22
7250;30
7251;29
7252;31
7253;21
7254;16
7255;30
7256;18
7257;29
7258;23
7259;25
7260;31
7261;26
7262;27
7263;24
7264;34
7265;29
7266;16
7267;29
7268;25
7269;31
7270;28
7271;25
7272;25
7273;29
7274;27
7275;29
7276;32
7277;31
7278;41
7279;28
7280;43
7281;33
7282;31
7283;39
7284;40
7285;35
7286;33
7287;39
7288;40
7289;33
7290;36
7291;50
7292;36
7293;45
7294;31
7295;51
7296;49
7297;34
7298;53
7299;47
7300;48
7301;43
7302;38
7303;46
7304;37
7305;51
7306;42
7307;30
7308;44
7309;39
7310;57
7311;50
7312;59
7313;54
7314;56
7315;47
7316;53
7317;47
7318;62
7319;51
7320;53
7321;46
7322;62
7323;48
7324;50
7325;39
7326;43
7327;53
7328;48
7329;50
7330;46
7331;49
7332;47
7333;42
7334;33
7335;49
7336;42
7337;44
7338;36
7339;35
7340;46
7341;35
7342;39
7343;33
7344;37
7345;45
7346;31
7347;36
7348;29
7349;38
7350;28
7351;36
7352;40
7353;35
7354;39
7355;33
7356;35
7357;26
7358;35
7359;26
7360;23
7361;26
7362;25
7363;26
7364;39
7365;22
7366;21
7367;23
7368;20
7369;21
7370;21
7371;25
7372;8
7373;18
7374;17
7375;18
7376;20
7377;13
7378;26
7379;16
7380;17
7381;8
7382;14
7383;22
7384;23
7385;24
7386;23
7387;20
7388;18
7389;9
7390;20
7391;20
7392;19
7393;15
7394;18
7395;18
7396;8
7397;19
7398;19
7399;12
7400;13
7401;11
7402;15
7403;14
7404;12
7405;26
7406;13
7407;16
7408;13
7409;21
7410;8
7411;14
7412;12
7413;14
7414;14
7415;13
7416;20
7417;19
7418;13
7419;14
7420;16
7421;21
7422;17
7423;12
7424;9
7425;12
7426;12
7427;10
7428;14
7429;11
7430;11
7431;15
7432;17
7433;7
7434;12
7435;17
7436;13
7437;12
7438;5
7439;8
7440;16
7441;15
7442;6
7443;8
7444;14
7445;12
7446;13
7447;13
7448;11
7449;20
7450;13
7451;11
7452;11
7453;10
7454;9
7455;13
7456;8
7457;15
7458;18
7459;6
7460;11
7461;9
7462;15
7463;10
7464;7
7465;13
7466;15
7467;13
7468;16
7469;13
7470;19
7471;13
7472;15
7473;11
7474;16
7475;7
7476;16
7477;10
7478;15
7479;10
7480;10
7481;8
7482;12
7483;6
7484;9
7485;15
7486;15
7487;17
7488;13
7489;19
7490;14
7491;20
7492;14
7493;13
7494;13
7495;10
7496;14
7497;13
7498;14
7499;17
7500;11
7501;9
7502;16
7503;10
7504;9
7505;9
7506;12
7507;20
7508;25
7509;20
7510;15
7511;13
7512;17
7513;12
7514;14
7515;17
7516;22
7517;18
7518;13
7519;13
7520;6
7521;23
7522;14
7523;11
7524;12
7525;13
7526;12
7527;12
7528;12
7529;17
7530;14
7531;13
7532;14
7533;17
7534;13
7535;11
7536;18
7537;12
7538;13
7539;14
7540;14
7541;6
7542;15
7543;12
7544;15
7545;19
7546;11
7547;15
7548;13
7549;12
7550;16
7551;13
7552;16
7553;19
7554;14
7555;16
7556;10
7557;14
7558;8
7559;8
7560;6
7561;14
7562;13
7563;13
7564;15
7565;14
7566;14
7567;10
7568;13
7569;17
7570;10
7571;10
7572;18
7573;9
7574;11
7575;13
7576;11
7577;12
7578;10
7579;10
7580;12
7581;10
7582;9
7583;11
7584;9
7585;14
7586;11
7587;13
7588;11
7589;12
7590;8
7591;14
7592;10
7593;15
7594;14
7595;8
7596;8
7597;6
7598;7
7599;11
7600;13
7601;12
7602;7
7603;6
7604;6
7605;7
7606;13
7607;12
7608;14
7609;9
7610;7
7611;8
7612;11
7613;10
7614;8
7615;4
7616;9
7617;12
7618;6
7619;4
7620;11
7621;12
7622;8
7623;12
7624;9
7625;21
7626;11
7627;12
7628;8
7629;6
7630;12
7631;7
7632;10
7633;13
7634;6
7635;13
7636;9
7637;6
7638;10
7639;22
7640;7
7641;10
7642;8
7643;10
7644;10
7645;8
7646;7
7647;12
7648;13
7649;15
7650;9
7651;12
7652;10
7653;11
7654;12
7655;7
7656;16
7657;10
7658;10
7659;12
7660;14
7661;14
7662;9
7663;15
7664;12
7665;5
7666;10
7667;16
7668;14
7669;10
7670;13
7671;16
7672;10
7673;16
7674;19
7675;11
7676;12
7677;11
7678;9
7679;10
7680;16
7681;11
7682;15
7683;14
7684;15
7685;11
7686;8
7687;9
7688;12
7689;16
7690;9
7691;11
7692;12
7693;11
7694;14
7695;11
7696;8
7697;26
7698;15
7699;11
7700;18
7701;15
7702;17
7703;12
7704;15
7705;15
7706;17
7707;8
7708;19
7709;16
7710;18
7711;16
7712;17
7713;20
7714;18
7715;22
7716;12
7717;18
7718;20
7719;21
7720;19
7721;17
7722;15
7723;19
7724;20
7725;11
7726;14
7727;24
7728;20
7729;20
7730;27
7731;17
7732;22
7733;26
7734;30
7735;28
7736;16
7737;23
7738;29
7739;26
7740;19
7741;21
7742;33
7743;11
7744;24
7745;30
7746;26
7747;20
7748;27
7749;35
7750;25
7751;15
7752;25
7753;18
7754;33
7755;21
7756;20
7757;27
7758;19
7759;22
7760;19
7761;26
7762;16
7763;21
7764;28
7765;19
7766;32
7767;21
7768;20
7769;10
7770;14
7771;19
7772;20
7773;15
7774;12
7775;18
7776;22
7777;17
7778;18
7779;12
7780;16
7781;14
7782;15
7783;16
7784;15
7785;13
7786;12
7787;23
7788;15
7789;12
7790;13
7791;19
7792;19
7793;14
7794;12
7795;9
7796;19
7797;16
7798;13
7799;7
7800;16
7801;19
7802;7
7803;12
7804;12
7805;11
7806;7
7807;14
7808;10
7809;11
7810;15
7811;8
7812;7
7813;11
7814;12
7815;10
7816;15
7817;9
7818;8
7819;9
7820;12
7821;11
7822;16
7823;11
7824;11
7825;7
7826;9
7827;19
7828;11
7829;12
7830;11
7831;14
7832;8
7833;8
7834;11
7835;6
7836;13
7837;9
7838;15
7839;12
7840;10
7841;6
7842;14
7843;11
7844;12
7845;9
7846;6
7847;12
7848;4
7849;13
7850;5
7851;15
7852;10
7853;7
7854;8
7855;9
7856;11
7857;10
7858;15
7859;6
7860;10
7861;8
7862;12
7863;8
7864;7
7865;7
7866;7
7867;7
7868;8
7869;10
7870;5
7871;3
7872;7
7873;7
7874;8
7875;10
7876;12
7877;9
7878;7
7879;7
7880;8
7881;5
7882;5
7883;3
7884;3
7885;11
7886;4
7887;9
7888;4
7889;4
7890;5
7891;7
7892;14
7893;7
7894;7
7895;16
7896;4
7897;14
7898;13
7899;10
7900;11
7901;5
7902;10
7903;8
7904;3
7905;8
7906;8
7907;11
7908;8
7909;9
7910;10
7911;14
7912;7
7913;2
7914;8
7915;6
7916;14
7917;10
7918;6
7919;10
7920;9
7921;8
7922;13
7923;14
7924;10
7925;3
7926;6
7927;10
7928;13
7929;11
7930;11
7931;9
7932;9
7933;14
7934;9
7935;13
7936;9
7937;9
7938;7
7939;9
7940;5
7941;9
7942;8
7943;7
7944;10
7945;9
7946;8
7947;11
7948;10
7949;13
7950;10
7951;5
7952;10
7953;11
7954;12
7955;12
7956;8
7957;19
7958;10
7959;9
7960;14
7961;12
7962;8
7963;11
7964;8
7965;5
7966;9
7967;5
7968;8
7969;8
7970;10
7971;12
7972;7
7973;10
7974;15
7975;8
7976;16
7977;3
7978;7
7979;12
7980;9
7981;6
7982;9
7983;15
7984;7
7985;15
7986;6
7987;9
7988;8
7989;6
7990;10
7991;13
7992;16
7993;6
7994;7
7995;7
7996;7
7997;8
7998;6
7999;6
8000;8
8001;11
8002;6
8003;10
8004;6
8005;7
8006;4
8007;4
8008;9
8009;7
8010;10
8011;4
8012;5
8013;2
8014;7
8015;6
8016;6
8017;4
8018;8
8019;6
8020;5
8021;3
8022;3
8023;7
8024;6
8025;3
8026;8
8027;4
8028;6
8029;3
8030;4
8031;10
8032;7
8033;6
8034;9
8035;4
8036;12
8037;3
8038;3
8039;3
8040;2
8041;2
8042;3
8043;5
8044;6
8045;2
8046;5
8047;6
8048;2
8049;4
8050;10
8051;3
8052;3
8053;5
8054;4
8055;5
8056;3
8057;6
8058;4
8059;5
8060;5
8061;6
8062;9
8063;3
8064;3
8065;5
8066;7
8067;9
8068;4
8069;7
8070;6
8071;4
8072;5
8073;3
8074;5
8075;1
8076;5
8077;7
8078;5
8079;6
8080;4
8081;3
8082;7
8083;4
8084;6
8085;4
8086;5
8087;8
8088;3
8089;5
8090;4
8091;9
8092;4
8093;5
8094;6
8095;7
8096;7
8097;4
8098;4
8099;5
8100;6
8101;3
8102;1
8103;2
8104;4
8105;3
8106;5
8107;5
8108;5
8109;4
8110;3
8111;7
8112;3
8113;8
8114;4
8115;6
8116;2
8117;7
8118;2
8119;4
8120;3
8121;5
8122;2
8123;6
8124;8
8125;6
8126;7
8127;7
8128;3
8129;2
8130;6
8131;7
8132;7
8133;2
8134;5
8135;2
8136;4
8137;5
8138;5
8139;7
8140;7
8141;3
8142;7
8143;4
8144;3
8145;6
8146;3
8147;6
8148;7
8149;12
8150;7
8151;4
8152;12
8153;6
8154;13
8155;4
8156;5
8157;6
8158;7
8159;4
8160;2
8161;7
8162;6
8163;9
8164;8
8165;9
8166;9
8167;6
8168;8
8169;9
8170;6
8171;8
8172;7
8173;3
8174;12
8175;5
8176;10
8177;6
8178;5
8179;8
8180;7
8181;6
8182;4
8183;3
8184;6
8185;8
8186;8
8187;9
8188;9
8189;4
8190;3
8191;0
END_OF_DATA